<?xml version="1.0" encoding="UTF-8"?>
<Patch>

	<Operation Class="PatchOperationSequence">
		<success>Always</success>
		<operations>
			<!-- small animals list:
			[defName="GR_AlphaChicken" or defName="GR_AlphaHare" or defName="GR_AlphaIguana" or defName="GR_AlphaRat" or defName="GR_Bearchicken" or defName="GR_Chickenlizard" or defName="GR_Wolfchicken"]-->
			<li Class="PatchOperationTest">
				<xpath>/Defs/ThingDef[defName="GR_AlphaChicken"]</xpath>
			</li>
			<li Class="PatchOperationSequence">
				<success>Always</success>
				<operations>
					<li Class="PatchOperationTest">
						<xpath>/Defs/ThingDef[defName="GR_AlphaChicken" or defName="GR_AlphaHare" or defName="GR_AlphaIguana" or defName="GR_AlphaRat" or defName="GR_Bearchicken" or defName="GR_Chickenlizard" or defName="GR_Wolfchicken"]/recipes</xpath>
						<success>Invert</success>
					</li>
					<li Class="PatchOperationAdd">
						<xpath>/Defs/ThingDef[defName="GR_AlphaChicken" or defName="GR_AlphaHare" or defName="GR_AlphaIguana" or defName="GR_AlphaRat" or defName="GR_Bearchicken" or defName="GR_Chickenlizard" or defName="GR_Wolfchicken"]</xpath>
						<value>
							<recipes/>
						</value>
					</li>
				</operations>
			</li>
			<li Class="PatchOperationAdd">
				<xpath>/Defs/ThingDef[defName="GR_AlphaChicken" or defName="GR_AlphaHare" or defName="GR_AlphaIguana" or defName="GR_AlphaRat" or defName="GR_Bearchicken" or defName="GR_Chickenlizard" or defName="GR_Wolfchicken"]/recipes</xpath>
				<value>
					<li>InstallMakeshiftAnimalArmorSmall</li>
					<li>InstallStandardAnimalArmorSmall</li>
					<li>InstallHeavyAnimalArmorSmall</li>
					<li>RemoveMakeshiftAnimalArmorSmall</li>
					<li>RemoveStandardAnimalArmorSmall</li>
					<li>RemoveHeavyAnimalArmorSmall</li>
				</value>
			</li>
		</operations>
	</Operation>

</Patch>