<?xml version="1.0" encoding="UTF-8"?>
<Patch>

	<Operation Class="PatchOperationSequence">
		<success>Always</success>
		<operations>
			<!-- medium animals list:
			[defName="GR_AlphaEmu" or defName="GR_AlphaWolfTimber" or defName="GR_AlphaPig" or defName="GR_AlphaTortoise" or defName="GR_Bearwolf" or defName="GR_Chickenspider" or defName="GR_Wolfscarab" or defName="GR_Wolfsnake" or defName="GR_Wolfbeaver" or defName="GR_Wolfbear" or defName="GR_Wolfalope"]-->
			<li Class="PatchOperationTest">
				<xpath>/Defs/ThingDef[defName="GR_AlphaEmu"]</xpath>
			</li>
			<li Class="PatchOperationSequence">
				<success>Always</success>
				<operations>
					<li Class="PatchOperationTest">
						<xpath>/Defs/ThingDef[defName="GR_AlphaEmu" or defName="GR_AlphaWolfTimber" or defName="GR_AlphaPig" or defName="GR_AlphaTortoise" or defName="GR_Bearwolf" or defName="GR_Chickenspider" or defName="GR_Wolfscarab" or defName="GR_Wolfsnake" or defName="GR_Wolfbeaver" or defName="GR_Wolfbear" or defName="GR_Wolfalope"]/recipes</xpath>
						<success>Invert</success>
					</li>
					<li Class="PatchOperationAdd">
						<xpath>/Defs/ThingDef[defName="GR_AlphaEmu" or defName="GR_AlphaWolfTimber" or defName="GR_AlphaPig" or defName="GR_AlphaTortoise" or defName="GR_Bearwolf" or defName="GR_Chickenspider" or defName="GR_Wolfscarab" or defName="GR_Wolfsnake" or defName="GR_Wolfbeaver" or defName="GR_Wolfbear" or defName="GR_Wolfalope"]</xpath>
						<value>
							<recipes/>
						</value>
					</li>
				</operations>
			</li>
			<li Class="PatchOperationAdd">
				<xpath>/Defs/ThingDef[defName="GR_AlphaEmu" or defName="GR_AlphaWolfTimber" or defName="GR_AlphaPig" or defName="GR_AlphaTortoise" or defName="GR_Bearwolf" or defName="GR_Chickenspider" or defName="GR_Wolfscarab" or defName="GR_Wolfsnake" or defName="GR_Wolfbeaver" or defName="GR_Wolfbear" or defName="GR_Wolfalope"]/recipes</xpath>
				<value>
					<li>InstallMakeshiftAnimalArmorMedium</li>
					<li>InstallStandardAnimalArmorMedium</li>
					<li>InstallHeavyAnimalArmorMedium</li>
					<li>RemoveMakeshiftAnimalArmorMedium</li>
					<li>RemoveStandardAnimalArmorMedium</li>
					<li>RemoveHeavyAnimalArmorMedium</li>
				</value>
			</li>
		</operations>
	</Operation>

</Patch>